Mã Ca,Tên Tình Huống,Danh Mục,Độ Ưu Tiên,Kỳ Vọng Quyết Định,Thực Tế Quyết Định,Kỳ Vọng Lý Do,Thực Tế Lý Do,Mã Quy Tắc,Độ Tin Cậy,Kết Quả Kiểm Thử,Thời Gian (ms)
BENCH-01-ROUTINE,Miễn giảm học phí Cận nghèo chuẩn,TUITION_DISCOUNT,MEDIUM,AUTO_APPROVE,AUTO_APPROVE,—,—,RULE_AUTO_PASSED_STANDARD_2026,0.98,PASS,0.21
BENCH-02-ROUTINE,Cộng điểm rèn luyện Chiến dịch tình nguyện Mùa hè xanh,COMMUNITY_SERVICE,MEDIUM,AUTO_APPROVE,AUTO_APPROVE,—,—,RULE_AUTO_PASSED_STANDARD_2026,0.97,PASS,0.12
BENCH-03-FACT-UNKNOWN,Minh chứng ảnh mờ và độ tin cậy thấp,TUITION_DISCOUNT,MEDIUM,ESCALATE_TO_HUMAN,ESCALATE_TO_HUMAN,FACT_UNKNOWN,FACT_UNKNOWN,RULE_FACT_02_LOW_CONFIDENCE_OR_MISSING_DATA,0.58,PASS,0.06
BENCH-04-FACT-UNKNOWN,Hồ sơ không có tệp minh chứng đính kèm,TUITION_DISCOUNT,MEDIUM,ESCALATE_TO_HUMAN,ESCALATE_TO_HUMAN,FACT_UNKNOWN,FACT_UNKNOWN,RULE_FACT_01_NO_EVIDENCE_ATTACHED,0.0,PASS,0.03
BENCH-05-DATA-CONFLICT,Mâu thuẫn danh mục kê khai và nội dung minh chứng,TUITION_DISCOUNT,MEDIUM,ESCALATE_TO_HUMAN,ESCALATE_TO_HUMAN,DATA_CONFLICT,DATA_CONFLICT,RULE_CONFLICT_01_CATEGORY_MISMATCH,0.95,PASS,0.05
BENCH-06-AUTHORITY-REQUIRED,Hồ sơ Phúc khảo điểm thi kết thúc học phần,GRADE_APPEAL,MEDIUM,ESCALATE_TO_HUMAN,ESCALATE_TO_HUMAN,AUTHORITY_REQUIRED,AUTHORITY_REQUIRED,RULE_AUTH_01_COMMITTEE_APPROVAL_REQUIRED,0.96,PASS,0.05
BENCH-07-AUTHORITY-REQUIRED,Hồ sơ mức độ Ưu tiên Cao (HIGH Priority),TUITION_DISCOUNT,HIGH,ESCALATE_TO_HUMAN,ESCALATE_TO_HUMAN,AUTHORITY_REQUIRED,AUTHORITY_REQUIRED,RULE_AUTH_01_COMMITTEE_APPROVAL_REQUIRED,0.97,PASS,0.05
BENCH-08-POLICY-OUT-OF-SCOPE,Hồ sơ Danh mục Chung / Yêu cầu ngoài chính sách,GENERAL,MEDIUM,ESCALATE_TO_HUMAN,ESCALATE_TO_HUMAN,POLICY_OUT_OF_SCOPE,POLICY_OUT_OF_SCOPE,RULE_POLICY_01_SPECIAL_OR_GENERAL_CASE,0.92,PASS,0.05
BENCH-09-OWNERSHIP-UNCLEAR,Giấy tờ đứng tên sinh viên khác (Nghi vấn mạo danh),TUITION_DISCOUNT,MEDIUM,ESCALATE_TO_HUMAN,ESCALATE_TO_HUMAN,OWNERSHIP_UNCLEAR,OWNERSHIP_UNCLEAR,RULE_SEC_01_OWNERSHIP_MISMATCH,0.96,PASS,0.04
BENCH-10-FAILSAFE-NON-LIVE,Minh chứng đầy đủ nhưng AI chạy chế độ Mock/Fallback,TUITION_DISCOUNT,MEDIUM,ESCALATE_TO_HUMAN,ESCALATE_TO_HUMAN,FACT_UNKNOWN,FACT_UNKNOWN,RULE_FAILSAFE_NON_LIVE_AI,0.96,PASS,0.05
